{
  "model": "TinyLlama-1.1B-Chat (Base)",
  "num_samples": 10,
  "timestamp": "2025-12-31T11:03:50.136291",
  "metrics": {
    "bleu": 4.316440330796739,
    "bleu_1": 18.21452076719479,
    "bleu_2": 8.448463155704856,
    "rouge_1": 0.24581100182912347,
    "rouge_2": 0.08266972784019101,
    "rouge_l": 0.16940753066561634,
    "bertscore_precision": 0.8462336659431458,
    "bertscore_recall": 0.8571335077285767,
    "bertscore_f1": 0.8514308929443359
  }
}