{
  "base_model": {
    "bleu": 4.316440330796739,
    "bleu_1": 18.21452076719479,
    "bleu_2": 8.448463155704856,
    "rouge_1": 0.24581100182912347,
    "rouge_2": 0.08266972784019101,
    "rouge_l": 0.16940753066561634,
    "bertscore_precision": 0.8462336659431458,
    "bertscore_recall": 0.8571335077285767,
    "bertscore_f1": 0.8514308929443359
  },
  "finetuned_transformers": {
    "bleu": 5.2255788002117205,
    "bleu_1": 17.506571356531225,
    "bleu_2": 10.980015578128397,
    "rouge_1": 0.25620870522921035,
    "rouge_2": 0.08466192667751761,
    "rouge_l": 0.1947185134472478,
    "bertscore_precision": 0.8267045021057129,
    "bertscore_recall": 0.8163180351257324,
    "bertscore_f1": 0.8209097981452942
  },
  "finetuned_unsloth": {
    "bleu": 6.586218629956138,
    "bleu_1": 21.69233768691348,
    "bleu_2": 12.038835774354899,
    "rouge_1": 0.30301447117586194,
    "rouge_2": 0.1009698957682846,
    "rouge_l": 0.23613036074886795,
    "bertscore_precision": 0.8392392992973328,
    "bertscore_recall": 0.824795663356781,
    "bertscore_f1": 0.8315508365631104
  },
  "timestamp": "2025-12-31T11:05:42.304570",
  "num_samples": 50
}