{
  "framework": "unsloth",
  "training_time_seconds": 2590.8604555130005,
  "training_time_minutes": 43.18100759188334,
  "peak_memory_gb": 1.4423270225524902,
  "train_loss": 1.367261703491211,
  "eval_loss": 2.809631586074829,
  "train_samples": 12000,
  "epochs": 3,
  "effective_batch_size": 16,
  "lora_rank": 16,
  "learning_rate": 0.0002,
  "timestamp": "2025-12-31T02:17:54.554454"
}